Group,Category,Type,Brand,Texture,Color,Thickness,Size,MinStockQty,IndUoM,PackUoM,PackQty
Machine and Parts,SORMZ Machine/Parts,Roller,,,,,60x735,,piece,,
Machine and Parts,SORMZ Machine/Parts,Roller,,,,,66x735,,piece,,
Machine and Parts,SORMZ Machine/Parts,Roller,,,,,66x745,,piece,,
Machine and Parts,SORMZ Machine/Parts,Roller,,,,,63x745,,piece,,
Machine and Parts,SORMZ Machine/Parts,Roller,,,,,72x745,,piece,,
Machine and Parts,Minerva Machine/Parts,Roller,,,,,10x15,,piece,,
Machine and Parts,KORS Machine/Parts,Roller,,,,,51x720,,piece,,
Machine and Parts,KORS Machine/Parts,Roller,,,,,53x720,,piece,,
Machine and Parts,KORS Machine/Parts,Roller,,,,,55x720,,piece,,
Machine and Parts,KORS Machine/Parts,Roller,,,,,57x720,,piece,,
Machine and Parts,KORS Machine/Parts,Roller,,,,,49x740,,piece,,
Machine and Parts,GTO Machine/Parts,Roller,,,,,45x510,,piece,,
Machine and Parts,GTO Machine/Parts,Roller,,,,,47x510,,piece,,
Machine and Parts,GTO Machine/Parts,Roller,,,,,49x510,,piece,,
Machine and Parts,GTO Machine/Parts,Roller,,,,,49x515,,piece,,
Machine and Parts,GTO Machine/Parts,Roller,,,,,51x510,,piece,,
Machine and Parts,GTO Machine/Parts,Roller,,,,,60x570,,piece,,
Paper,Cut-sized Paper,,Cactus,,White,,8.5x11in,,sheet,ream,500
Paper,Cut-sized Paper,,Cactus,,White,,8.5x13in,,sheet,ream,500
Paper,Cut-sized Paper,,Cactus,,White,,11x17in,,sheet,ream,500
Paper,Cut-sized Paper,,Cactus,,White,,(A3)16.5x 8.75,,sheet,ream,500
Paper,Cut-sized Paper,,Cactus,,White,,A4,,sheet,ream,500
Paper,Cut-sized Paper,,Mimeo,Wove,White,,8.5x11in,,sheet,ream,500
Paper,Cut-sized Paper,,Mimeo,Wove,White,,8.5x13in,,sheet,ream,500
Paper,Carbonless Paper,,Goldmark,CB,White,,22x34in,,sheet,ream,500
Paper,Carbonless Paper,,Goldmark,CFB,Blue,,22x34in,,sheet,ream,500
Paper,Carbonless Paper,,Goldmark,CFB,Green,,22x34in,,sheet,ream,500
Paper,Carbonless Paper,,Goldmark,CFB,Pink,,22x34in,,sheet,ream,500
Paper,Carbonless Paper,,Goldmark,CFB,White,,22x34in,,sheet,ream,500
Paper,Carbonless Paper,,Goldmark,CFB,Yellow,,22x34in,,sheet,ream,500
Machine and Parts,KORS Machine/Parts,Roller,,,,,51x718,,piece,,
Paper,Carbonless Paper,,Goldmark,CB,White,,28x34in,,sheet,ream,500
Paper,Carbonless Paper,,Goldmark,CFB,Blue,,28x34in,,sheet,ream,500
Paper,Carbonless Paper,,Goldmark,CFB,Green,,28x34in,,sheet,ream,500
Paper,Carbonless Paper,,Goldmark,CFB,Pink,,28x34in,,sheet,ream,500
Paper,Carbonless Paper,,Goldmark,CFB,White,,28x34in,,sheet,ream,500
Paper,Carbonless Paper,,Goldmark,CFB,Yellow,,28x34in,,sheet,ream,500
Paper,Carbonless Paper,,Goldmark,CF,Blue,,28x34in,,sheet,ream,500
Paper,Carbonless Paper,,Goldmark,CF,Green,,28x34in,,sheet,ream,500
Paper,Carbonless Paper,,Goldmark,CF,Pink,,28x34in,,sheet,ream,500
Paper,Carbonless Paper,,Goldmark,CF,White,,28x34in,,sheet,ream,500
Paper,Carbonless Paper,,Goldmark,CF,Yellow,,28x34in,,sheet,ream,500
Paper,Book Paper,,Triplex,,White,#40,22x34in,,sheet,ream,500
Paper,Book Paper,,Triplex,,White,#50,22x34in,,sheet,ream,500
Paper,Book Paper,,Triplex,,White,#60,22x34in,,sheet,ream,500
Paper,Book Paper,,Triplex,,White,#70,22x34in,,sheet,ream,500
Paper,Book Paper,,Triplex,,White,#80,22x34in,,sheet,ream,500
Paper,Book Paper,,Triplex,,White,#40,28x34in,,sheet,ream,500
Paper,Book Paper,,Triplex,,White,#50,28x34in,,sheet,ream,500
Paper,Book Paper,,Triplex,,White,#60,28x34in,,sheet,ream,500
Paper,Book Paper,,Triplex,,White,#70,28x34in,,sheet,ream,500
Paper,Book Paper,,Triplex,,White,#80,28x34in,,sheet,ream,500
Paper,Book Paper,,Triplex,,White,#40,25x38in,,sheet,ream,500
Paper,Book Paper,,Triplex,,White,#50,25x38in,,sheet,ream,500
Paper,Book Paper,,Triplex,,White,#60,25x38in,,sheet,ream,500
Paper,Book Paper,,Triplex,,White,#70,25x38in,,sheet,ream,500
Paper,Book Paper,,Triplex,,White,#80,25x38in,,sheet,ream,500
Paper,Coated 2-Sides,,Triplex,Gloss,White,#60,25x38in,,sheet,,
Paper,Coated 2-Sides,,Triplex,Gloss,White,#70,25x38in,,sheet,ream,500
Paper,Coated 2-Sides,,Triplex,Gloss,White,#80,25x38in,,sheet,ream,500
Paper,Coated 2-Sides,,Triplex,Gloss,White,#100,25x38in,,sheet,,
Paper,Coated 2-Sides,,Triplex,Gloss,White,#120,25x38in,,sheet,,
Paper,Coated 2-Sides,,Triplex,Gloss,White,#140,25x38in,,sheet,,
Paper,Coated 2-Sides,,Triplex,Gloss,White,#160,25x38in,,sheet,,
Paper,Coated 2-Sides,,Triplex,Gloss,White,#170,25x38in,,sheet,,
Paper,Coated 2-Sides,,Triplex,Gloss,White,#180,25x38in,,sheet,,
Paper,Coated 2-Sides,,Triplex,Gloss,White,#200,25x38in,,sheet,,
Paper,Coated 2-Sides,,Triplex,Gloss,White,#220,25x38in,,sheet,,
Paper,Onionskin Paper,,OTC,,Blue,,22x34in,,sheet,ream,500
Paper,Onionskin Paper,,OTC,,Green,,22x34in,,sheet,ream,500
Paper,Onionskin Paper,,OTC,,Pink,,22x34in,,sheet,ream,500
Paper,Onionskin Paper,,OTC,,Yellow,,22x34in,,sheet,ream,500
Paper,Onionskin Paper,,OTC,,White,,22x34in,,sheet,ream,500
Paper,Onionskin Paper,,OTC,,Blue,,28x34in,,sheet,ream,500
Paper,Onionskin Paper,,OTC,,Green,,28x34in,,sheet,ream,500
Paper,Onionskin Paper,,OTC,,Pink,,28x34in,,sheet,ream,500
Paper,Onionskin Paper,,OTC,,Yellow,,28x34in,,sheet,ream,500
Paper,Board,Bristol,Triplex,Vellum,White,#74,22.5x28.5in,,sheet,,
Paper,Board,Bristol,Triplex,Vellum,Blue,#74,22.5x28.5in,,sheet,,
Paper,Board,Bristol,Triplex,Vellum,Green,#74,22.5x28.5in,,sheet,,
Paper,Board,Bristol,Triplex,Vellum,Golden Rod,#74,22.5x28.5in,,sheet,,
Paper,Board,Bristol,Triplex,Vellum,Orange,#74,22.5x28.5in,,sheet,,
Paper,Board,Bristol,Triplex,Vellum,Pink,#74,22.5x28.5in,,sheet,,
Paper,Board,Bristol,Triplex,Vellum,Red,#74,22.5x28.5in,,sheet,,
Paper,Board,Bristol,Triplex,Vellum,Yellow,#74,22.5x28.5in,,sheet,,
Paper,Board,Bristol,Triplex,Vellum,Blue,#100,22.5x28.5in,,sheet,,
Paper,Bond Paper,,TIPCO,,Blue,,22x34in,,sheet,ream,500
Paper,Bond Paper,,TIPCO,,Green,,22x34in,,sheet,ream,500
Paper,Bond Paper,,TIPCO,,Pink,,22x34in,,sheet,ream,500
Paper,Bond Paper,,TIPCO,,White,,22x34in,,sheet,ream,500
Paper,Bond Paper,,TIPCO,,Yellow,,22x34in,,sheet,ream,500
Paper,Bond Paper,,TIPCO,,Blue,,28x34in,,sheet,ream,500
Paper,Bond Paper,,TIPCO,,Green,,28x34in,,sheet,ream,500
Paper,Bond Paper,,TIPCO,,Pink,,28x34in,,sheet,ream,500
Paper,Bond Paper,,TIPCO,,White,,28x34in,,sheet,ream,500
Paper,Bond Paper,,TIPCO,,Yellow,,28x34in,,sheet,ream,500
Paper,Bond Paper,,TIPCO,,White,,8.5x13in,,sheet,ream,500
Paper,Newsprint Paper,,Triplex Newsprint,,White,,22x34in,,sheet,ream,480
Paper,Newsprint Paper,,Triplex Newsprint,,White,,24x36in,,sheet,ream,480
Paper,Newsprint Paper,,Triplex Newsprint,,White,,18x24in,,sheet,ream,480
Paper,Newsprint Paper,,Triplex Newsprint,,White,,450x450,,sheet,ream,480
Paper,Newsprint Paper,,Triplex Newsprint,,White,,28x34in,,sheet,ream,480
Paper,Newsprint Paper,,Triplex Newsprint,,White,,8.5x11in,,sheet,ream,480
Paper,Newsprint Paper,,Triplex Newsprint,,White,,8.5x13in,,sheet,ream,480
Paper,Kraft Paper,,Triplex,,Brown,#80,36x48in,,sheet,ream,480
Paper,Kraft Paper,,Triplex,,Brown,#150,18x23in,,sheet,ream,480
Paper,Kraft Paper,,Triplex,,Brown,#150,23x28in,,sheet,ream,480
Paper,Kraft Paper,,Triplex kraft,,Brown,#150,36x48in,,sheet,ream,480
Paper,Board,Foldcote S/W,Triplex,,,#10,31x43in,,sheet,,
Paper,Board,Foldcote S/W,Triplex,,,#12,31x43in,,sheet,,
Paper,Board,Foldcote S/W,Triplex,,,#15,31x43in,,sheet,,
Paper,Board,Foldcote S/W,Triplex,,,#18,31x43in,,sheet,,
Paper,Board,Foldcote S/W,Triplex,,,#20,31x43in,,sheet,,
Paper,Board,Tag,Triplex,,White U.S.,#14,31x45in,,sheet,,
Paper,Board,Chip,Triplex,,Gray,#120,26x38in,,sheet,,
Paper,Board,Kromekote,Triplex,Gloss,White,189gsm,26x40in,,sheet,,
Paper,Board,Carolina,Triplex,Smooth,White,240gsm,26x40in,,sheet,ream,100
Paper,Envelope,Windowed,Trojan,,White,103x,9.5x4.75in,,piece,box,500
Paper,Envelope,Windowless,Trojan,,White,103x,9.5x4.75in,,piece,box,500
Paper,Envelope,Baronial,Trojan,,White,,9.5x4.25in,,piece,box,500
Paper,Envelope,Kraft,Trojan,,Golden Brown,,9x15in,,piece,box,500
Paper,Envelope,Kraft,Trojan Documentary,,Golden Brown,#150,9x12in,,piece,box,500
Paper,Folder,Long,Bigyield,,White,,8.5x13,,piece,bundle,100
Paper,Folder,Short,Bigyield,,White,,8.5x11,,piece,bundle,100
Paper,Board,Card,Triplex,Vellum,White,#100,22.5x28.5in,,sheet,,
Paper,Board,Card,Triplex,Vellum,White,#120,22.5x28.5in,,sheet,,
Paper,Sticker,Book B/B,Yunitrade,Uncoated,White,,15.5x10.5in,,piece,bundle,1000
Paper,Sticker,Book B/B,Yunitrade,Uncoated,White,,A4,,piece,bundle,1000
Paper,Sticker,Book B/B,Yunitrade,Uncoated,White,,10x21,,piece,bundle,1000
Paper,Sticker,Book Y/B,Yunitrade,Uncoated,White,,A4,,piece,bundle,1000
Paper,Sticker,Book Y/B,Yunitrade,Uncoated,White,,9x12in,,piece,bundle,1000
Paper,Sticker,Book Y/B,Yunitrade,Uncoated,White,,24x36in,,piece,bundle,100
Paper,Sticker,Book W/B,Yunitrade,Uncoated,White,,24x36in,,piece,bundle,100
Paper,Sticker,Satin Y/B,Yunitrade,Gloss,White,,24x36in,,piece,bundle,100
Paper,Sticker,Neon,Yunitrade,Uncoated,Green,,24x36in,,piece,bundle,100
Paper,Special Paper,,Astrobright,,Lemon,89gsm,,,sheet,,
Paper,Special Paper,,Astrobright,,Green,89gsm,,,sheet,,
Paper,Coated 2-Sides,,triplex,gloss,white,220,25x38,,sheet,ream,200
Paper,Carbonless Paper,,Goldmark,CF,Blue,,22x34in,,sheet,ream,500
Paper,Carbonless Paper,,Goldmark,CF,Green,,22x34in,,sheet,ream,500
Paper,Carbonless Paper,,Goldmark,CF,Pink,,22x34in,,sheet,ream,500
Paper,Carbonless Paper,,Goldmark,CF,White,,22x34in,,sheet,ream,500
Paper,Carbonless Paper,,Goldmark,CF,Yellow,,22x34in,,sheet,ream,500
Paper,Carbonless Board,Tag,Triplex,CF,White,125gsm,28x34in,,sheet,ream,250
Paper,Envelope,Windowless,Trojan,,White,,9.5x4.25in,,piece,box,500
Consumables,Chemicals,Gum Solution,,,,,,,bottle,,
Consumables,Chemicals,Fountain Solution,DYNA 200 FA,,,,Liters,,bottle,,
Consumables,Chemicals,Phosporic Acid,,,,,,,bottle,,
Consumables,Chemicals,Lacquer Thinner,,,,,,,bottle,,
Consumables,Chemicals,Motor Oil,,,,,,,bottle,,
Consumables,Chemicals,Ink Reducer,,,,,,,bottle,,
Consumables,Chemicals,Singer Oil,,,,,,,bottle,,
Consumables,Chemicals,Glycerine,,,,,,,bottle,,
Consumables,Chemicals,Mineral Oil,,,,,,,bottle,,
Consumables,Chemicals,Cyanoacrylate Adhesive,Pacmac,,,,,,bottle,,
Consumables,Maintenance Materials,Laundry Bar,,,,,,,piece,,
Consumables,Maintenance Materials,Laundry Powder,,,,,,,piece,,
Consumables,Maintenance Materials,All-Purpose Cleanser,ajax/zim,,,,,,piece,,
Consumables,Maintenance Materials,Cotton Balls,,,,,,,pack,,
Consumables,Maintenance Materials,Cotton Rags,,,,,,,piece,,
Consumables,Maintenance Materials,Floor Wax,,,,,,,piece,,
Consumables,Maintenance Materials,Garbage Bag,,,,,S,,piece,pack,100
Consumables,Maintenance Materials,Garbage Bag,,,,,XL,,piece,pack,100
Consumables,Maintenance Materials,Mophead Refill,,,,,,,piece,,
Consumables,Maintenance Materials,Alcohol,,,,,500ml,,bottle,,
Consumables,Maintenance Materials,Industrial Sponge,Viscovita,,,,,,piece,,
Consumables,Finishing Materials,Padding Cement,Stikwel,,Red,,4kg,,bottle,,
Consumables,Finishing Materials,Flap Glue,,,,,,,bottle,,
Consumables,Finishing Materials,Magnetic Wire,,,,,#31,,roll,,
Consumables,Finishing Materials,Metal Eyelet,,,,,,,box,,
Consumables,Finishing Materials,Nylon String,,,,,,,roll,,
Consumables,Finishing Materials,Plastic,,,,,7x10,,piece,,
Consumables,Finishing Materials,Plastic,,,,,10x15/10x14,,piece,,
Consumables,Finishing Materials,Gummed Tape,kraft,,brown,,2 inches,,roll,,
Consumables,Finishing Materials,Laminating Film,,,,125microns,,,piece,,
Consumables,Finishing Materials,Laminating Film,,,,250microns,,,piece,,
Office Supplies,Stationary and Supplies,Permanent Marker Ink Refill,,,Black,,,,bottle,,
Consumables,Ink,Akinto,,,Black,,,,can,,
Consumables,Ink,Mimeo,Daito,,,,,,can,,
Consumables,Ink,Offset,Druckmeister,,Magenta,,1kg,,can,,
Consumables,Ink,Offset,Druckmeister,,Cyan,,1kg,,can,,
Consumables,Ink,,Jet Speed,,Magenta,,2kg,,can,,
Consumables,Ink,,Jet Speed O/S,,Red,,2KG,,can,,
Consumables,Ink,Offset,Kolora carbo,,Black,,1kg,,can,,
Consumables,Ink,,Jet Speed,,Black,,2kg,,can,,
Consumables,Ink,,Wico,,Job Black,,1kg,,can,,
Consumables,Ink,,Wico,,Bright Red,,1kg,,can,,
Consumables,Ink,Offset Mixing White,Kolora,,,,3kg,,can,,
Consumables,Ink,,Nippon Speed,,Cyan,,1kg,,can,,
Consumables,Ink,,Nippon Speed,,Cyan,,2.5kg,,can,,
Consumables,Ink,,Nippon Speed,,Magenta,,2.5kg,,can,,
Consumables,Ink,,Nippon Speed,,Yellow,,2.5kg,,can,,
Consumables,Ink,,Nippon Speed,,Black,,2.5kg,,can,,
Consumables,Ink,,Imperial,,Reflex Blue,,2kg,,can,,
Consumables,Ink,,Imperial,,Warm Red,,2kg,,can,,
Consumables,Ink,,Unipak,,Gold,,,,can,,
Consumables,Ink,Continuous,,,Black,,,,can,,
Consumables,Ink,Continuous,,,Blue/cyan,,,,can,,
Consumables,Ink,Continuous,,,Magenta,,,,can,,
Consumables,Ink,Continuous,,,Yellow,,,,can,,
Consumables,Ink,Cartridge,HP678,,,,,,can,,
Consumables,Machine Consumables,Plate Cleaner,,,,,,,bottle,,
Consumables,Machine Consumables,Swell Blanket Repair,,,,,,,bottle,,
Consumables,Machine Consumables,Spray Powder,,,,,,,piece,,
Consumables,Machine Consumables,Blanket Cleaner,,,,,,,piece,,
Consumables,Machine Consumables,Miscible Blanket,SORMZ,,,,740x660,,piece,,
Consumables,Machine Consumables,Miscible Blanket,GTO,,,,518x445,,piece,,
Consumables,Machine Consumables,Miscible Blanket,KORS,,,,740x660,,piece,,
Consumables,Machine Consumables,Molleton Cloth,GTO,,,,,,strip,,
Consumables,Machine Consumables,Molleton Cloth,SORMZ,,,,#6,,strip,,
Consumables,Machine Consumables,Molleton Cloth,KORS,,,,#7,,strip,,
Consumables,Machine Consumables,Molleton Cloth,KORS,,,,#8,,strip,,
Consumables,Machine Consumables,Molleton Cloth,sormz,,,,#5,,strip,,
Consumables,Machine Consumables,Washer Blade,GTO,,,,,,piece,,
Consumables,Machine Consumables,Washer Blade,KORS,,,,,,piece,,
Consumables,Machine Consumables,Washer Blade,SORMZ,,,,,,piece,,
Consumables,Machine Consumables,Roller Wash,,,,,20L,,piece,,
Consumables,Machine Consumables,Roller Cleaning Paste,Hydromarc,,,,,,container,,
Consumables,Machine Consumables,Master Roll,Akinto,,,,,,piece,,
Consumables,Machine Consumables,Developer Filter,,,,,,,piece,,
Consumables,Machine Consumables,Plate Replenisher,,,,,20l,,piece,,
Consumables,Machine Consumables,Plate Finisher,,,,,5l,,piece,,
Consumables,Machine Consumables,Plate Developer,,,,,20l,,piece,,
Consumables,Machine Consumables,Molleton Cloth,Processor,,,,#9,,strip,,
Consumables,Machine Consumables,Cutting Stick,Polar,,,,45in,,piece,,
Consumables,Machine Consumables,Cutting Stick,Senator,,,,32in,,piece,,
Consumables,Machine Consumables,Hairline,,,,,2pts,,piece,,
Consumables,Machine Consumables,Offset Strip,,,,,,,piece,,
Consumables,Machine Consumables,Offset Score,,,,,,,piece,,
Consumables,Machine Consumables,Perforating Rule,,,,,,,piece,,
Consumables,Machine Consumables,Slug,,,,,2pts,,piece,,
Consumables,Machine Consumables,NSK Wheel Bearing,GTO,,,,,,box,,
Consumables,Machine Consumables,Ribbon Cartridge,LX300,,,,,,piece,,
Consumables,Machine Consumables,Ribbon Cartridge,LQ300,,,,,,piece,,
Consumables,Machine Consumables,Ribbon Cartridge,LQ310,,,,,,piece,,
Consumables,Machine Consumables,Toner,Laserjet 1505 36A,,,,,,piece,,
Consumables,Others,Candle,,,,,,,piece,,
Consumables,Others,ID Holder,,,,,,,piece,,
Consumables,Others,Gawgaw,Liwayway,,,,,,pack,,
Consumables,Others,Facemask,,,,,,,piece,,
Office Supplies,Stationary and Supplies,Ballpen,,,Black,,,,piece,,
Office Supplies,Stationary and Supplies,Ballpen,,,Red,,,,piece,,
Office Supplies,Stationary and Supplies,Calling Card Case,,,,,,,piece,,
Office Supplies,Stationary and Supplies,Correction Tape,,,,,,,piece,,
Office Supplies,Stationary and Supplies,Cutter Blade,,,,,Small,,piece,,
Office Supplies,Stationary and Supplies,Cutter with Handle,,,,,Small,,piece,,
Office Supplies,Stationary and Supplies,Double-sided Tape,,,,,1/2in,,piece,,
Office Supplies,Stationary and Supplies,Cellulose Tape,Evercell,,,,,,piece,,
Office Supplies,Stationary and Supplies,Masking Tape,,,,,1/2in,,piece,,
Office Supplies,Stationary and Supplies,Packaging Tape,,,Tan,,,,piece,,
Office Supplies,Stationary and Supplies,Packaging Tape,,,Clear,,,,piece,,
Office Supplies,Stationary and Supplies,Paper Clip,,,,,Small,,box,,
Office Supplies,Stationary and Supplies,Paper Clip,,,,,Big,,box,,
Office Supplies,Stationary and Supplies,Paper Eraser,,,,,,,box,,
Office Supplies,Stationary and Supplies,Paper Fastener,,,,,,,box,,
Office Supplies,Stationary and Supplies,Permanent Marker,,,,,,,piece,,
Office Supplies,Stationary and Supplies,Pencil,,,,,,,box,,
Office Supplies,Stationary and Supplies,Ribbon,,,Red,,,,piece,,
Office Supplies,Stationary and Supplies,Scotch Tape,,,,,,,piece,,
Office Supplies,Stationary and Supplies,Stamp Pad Ink,,,Blue,,,,bottle,,
Office Supplies,Stationary and Supplies,Staple Wire,#10,,,,Small,,box,,
Office Supplies,Stationary and Supplies,Staple Wire,#10,,,,Big,,box,,
Office Supplies,Stationary and Supplies,Staple Wire,#13,,,,,,box,,
Office Supplies,Stationary and Supplies,Staple Wire,#15,,,,,,box,,
Office Supplies,Stationary and Supplies,Staple Wire,#17,,,,,,box,,
Office Supplies,Stationary and Supplies,Staple Wire,#35,,,,,,box,,
Office Supplies,Stationary and Supplies,Ring Binder,,,,,small,,piece,,
Office Supplies,Stationary and Supplies,Stone Eraser,,,,,,,piece,,
Office Supplies,Stationary and Supplies,Thermal Paper,,,,,,,piece,,
Office Supplies,Stationary and Supplies,Type Writer Ribbon Refill,,,,,,,piece,,
Office Supplies,Stationary and Supplies,Board Marker,,,wyte,,,,piece,,
Office Supplies,Stationary and Supplies,Tape,3M,,Red,,,,piece,,
Office Supplies,Stationary and Supplies,Glue,,,White,,,,piece,,
Office Supplies,Stationary and Supplies,CD,,,,,,,piece,,
Office Supplies,Stationary and Supplies,DVDR,,,,,,,piece,,
Office Supplies,Stationary and Supplies,Logbook,,,,,,,piece,,
Office Supplies,Stationary and Supplies,PVC,,,,,30ml,,piece,,
Consumables,Ink,,Imperial,,Green,,2kg,,can,,
Paper,Special Paper,,Catalina,,Orange,75gsm,,,sheet,,
Paper,Special Paper,,Burano,,Light Green,90gsm,27x39,,sheet,,
Paper,Special Paper,,Burano,,Violet,90gsm,27x39,,sheet,,
Paper,Special Paper,,Burano,,Bright Yellow,90gsm,27x39,,sheet,,
Paper,Special Paper,Photopaper,Fortune Sources,Glossy,,,50x30,,roll,,
Paper,Special Paper,,Athenea,Laid,Blanco Diamante,90gsm,27.5x39.3,,sheet,,
Paper,Special Paper,,Galacia,Parchment,White,,27.5x39.3,,sheet,,
Paper,Newsprint Paper,,Triplex newsprint,,White,,34x32.5,,sheet,ream,480
Paper,Special Paper,burano salmon,Versa Fine,,Colored Salmon,90gsm,27.5x39.3,,sheet,,
Paper,Special Paper,catalina cyber green,versa fine,75gsm,cyber green,,22.5x35.4,,sheet,,
Paper,Special Paper,matte coated #160,triplex,,,,25x38,,sheet,,
Paper,Sticker,satin W/B,yunitrade,,white,glossy,24x36,,sheet,,
Paper,Envelope,kraft envelope,trojan,,brown,#150,10x15,,pcs,box,500
Paper,Special Paper,Bevania splendorgel,prestige,,white,270gsm,28x39.3,,sheet,,
Paper,Special Paper,burano colored,,,fire red,250gsm,27.5x39.3,,sheet,,
Consumables,Maintenance Materials,zonrox bleach,,,,,,,bottle,,
Paper,Special Paper,athenea laid,,,natural white,90gsm,27.5x39.3,,sheet,,
Paper,Special Paper,,burano,,gold,200gsm,27.5x39.3,,sheet,,
Paper,Special Paper,,burano,,sky blue,200gsm,27.5x39.3,,sheet,,
Paper,Special Paper,,burano,,spring green,200gsm,27.5x39.3,,sheet,,
Paper,Special Paper,,burano,,yellow,200gsm,27.5x39.3,,sheet,,
Paper,Special Paper,,burano,,lila,200gsm,27.5x39.3,,sheet,,
Paper,Special Paper,,burano,,green,200gsm,27.5x39.3,,sheet,,
Paper,Special Paper,,burano,,orange,200gsm,27.5x39.3,,sheet,,
Paper,Special Paper,,burano,,pink,200gsm,27.5x39.3,,sheet,,
Paper,Special Paper,,burano,,light green,200gsm,27.5x39.3,,sheet,,
Paper,Special Paper,,burano,,shocking pink,200gsm,27.5x39.3,,sheet,,
Paper,Special Paper,,burano,,blue,200gsm,27.5x39.3,,sheet,,
Paper,Newsprint Paper,,Papermart Newsprint,,white,,22x35.5,,sheet,ream,480
Consumables,Maintenance Materials,Floor Cleaner,,,,,,,pieces,,
Consumables,Maintenance Materials,Liquid Handsoap,,,,,,,piece,,
Office Supplies,Stationary and Supplies,clip binder,,,,,,,piece,,
Office Supplies,Stationary and Supplies,Stabilo marker,,,,,,,piece,,
Paper,Sticker,Vinyl sticker,,glossy,white,80microns,50x50mm,,roll,,
Office Supplies,Stationary and Supplies,Plastic Cover,,,,,,,piece,,
Consumables,Finishing Materials,white foam tape,,,,,,,pieces,,
Paper,Sticker,reflective sticker,,,,225microns,,,roll,,
Paper,Special Paper,burano,,,light blue,200gsm,37.5x39.3,,sheet,,
Paper,Special Paper,Color Plus,,,Amarillio Medio,80gsm,25.59x35.43,,sheet,,
Paper,Special Paper,Color Plus,,,Rosa,80gsm,25.59x35.43,,sheet,,
Paper,Special Paper,Color Plus,,,Azul,80gsm,25.59x35.43,,sheet,,
Paper,Newsprint Paper,,Newsprint,,Triplex white,,36x18,,sheet,ream,480
Consumables,Films and Plates,CTP Plate,GTO,,,,400x510,,piece,box,50
Consumables,Maintenance Materials,Dishwashing Liquid,,,,,,,bottle,,
Consumables,Chemicals,wipe out Cleaner,,,,,,,can,,
Consumables,Ink,HP toner,831B CZ689A,,CYAN,,,,piece,box,1
Consumables,Ink,HP TONER,831B CZ691A,,YELLOW,,,,piece,box,1
Consumables,Ink,HP Toner,831B CZ690A,,MAgenta,,,,piece,box,1
Consumables,Ink,HP Toner,831B CZ688A,,Black,,,,piece,box,1
Paper,Special Paper,venus linen,,,white,220gsm,31x43,,sheet,,
Consumables,Chemicals,Gear oil,SAE-90,,,,Liter,,bottle,,
Consumables,Films and Plates,CTP Plate,Korse,,,,620x745,,pieces,box,50
Consumables,Films and Plates,acetate,,,,,,,roll,,
Machine and Parts,SORMZ Machine/Parts,wheel bearing SORMZ,NSK,,,,,,pieces,1,1
Office Supplies,Stationary and Supplies,image pen remover,,,,,,,piece,,
Paper,Board,eska board,,,,1195gsm,26x38,,sheet,ream,100
Paper,Envelope,kraft,envelope trojan,,brown,#150,7x10,,pcs,box,500
Paper,Board,chip,triplex,,gray,#50,26x38,,sheet,bale,250
Paper,Special Paper,Econotext,Fancy,,soft white,#100gsm,,,sheet,ream,1000
Paper,Envelope,kraft,envelope,,brown,,10x13,,piece,box,500
Paper,Special Paper,Color plus,,,Rojo,80gsm,25.59x35.43,,sheet,,
Paper,Special Paper,Edicion,,,Natural white,240gsm,26x40,,sheet,,
Paper,Special Paper,Bevania splendorgel ivory,,,white,170gsm,28x39.3,,sheet,,
Paper,Special Paper,Century Cotton wove,,,premium white,220gsm,28x39.75,,sheet,,
Consumables,Maintenance Materials,kanebo,chamois towel,,,,,,pieces,pack,1
Paper,Special Paper,matt coated,triplexx,,white,#100,25x38,,sheet,ream,500
Consumables,Chemicals,Hydraulic oil,S2MX 68 Tellus,,,,,,pieces,pail,1
Office Supplies,Stationary and Supplies,Clearbook,,,,,long,,piece,,
Paper,Sticker,hexis ecotac matte sticker,,,dark gray,,,,roll,,
Paper,Sticker,hexis ecotac matte sticker,,,light green,,,,roll,,
Paper,Sticker,exceed blackboard sticker,,,black,,50x30mm,,roll,,
Others,Miscellaneous,sako,,,,,big,,piece,,
Office Supplies,Stationary and Supplies,expandable folder,,,,,long,,piece,,
Consumables,Chemicals,Grasa,,,,,,,can,,
Consumables,Finishing Materials,,Duct tape cloth,,,,,,roll,,
Paper,Sticker,Exceed vinyl,,,glossy,,54x30,,roll,box,1
Paper,Envelope,kraft,trojan documentary,,golden brown,#200,9x12,,piece,box,500
Paper,Envelope,kraft,trojan catalog,,golden brown,#150,9x12,,piece,box,500
Consumables,Maintenance Materials,sponge,scotch brite,,,,,,piece,pack,1
Paper,Special Paper,Parchment Paper,,,,#60,25x38,,sheet,pack,1000
Office Supplies,Stationary and Supplies,Ring binder,,,,,Medium,,piece,pack,5
Paper,Special Paper,imitlin,,,blu notte,125gsm,40x28.3,,sheet,,
Consumables,Maintenance Materials,Mop with Handle,,,,,,,piece,,
Consumables,Maintenance Materials,lighter gas refill,butane,,,,,,piece,,
Consumables,Maintenance Materials,empty bottle sprayer,,,,,500ml,,piece,,
Consumables,Ink,HP Print head 831,,,light cyan and light magenta,,,,piece,bottle,1
Consumables,Ink,HP Print head 831,hp 831 CZ677A,,cyan and black,,,,piece,bottle,1
Consumables,Ink,HP Maintenance Cartridge,CZ681A,,,,,,piece,box,1
Consumables,Maintenance Materials,walis tingting,,,,,,,piece,,
Consumables,Ink,latex optimizer,hp831 CZ706A,,,,,,piece,,
Office Supplies,Stationary and Supplies,stamp pad,,,,,,,piece,,
Office Supplies,Stationary and Supplies,stamp pad refill,ink,,red,,,,piece,,
Machine and Parts,SORMZ Machine/Parts,P.U. Hose,,,blue,,,,meter,,
Consumables,Chemicals,oil,WD-40,,,,,,bottle,,
Consumables,Chemicals,oil,Gear oil SAE 140,,,,LITER,,bottle,,
Consumables,Maintenance Materials,sand paper #1000,,,,,,,piece,,
Consumables,Films and Plates,PLATE KORS,SWORD MAX,,,,745X620,,piece,box,50
Consumables,Chemicals,Alcohol IPA,S-100,,,,LITERS,,container,,
Consumables,Ink,HP 831 latex optimizer,CZ680A,,,,,,piece,box,1
Paper,Envelope,documentary,trojan,,Golden kraft,#200,10x15,,piece,box,500
Consumables,Maintenance Materials,sand paper,,,,#220,,,piece,,
Office Supplies,Stationary and Supplies,Arch file,,,,,,,piece,,
Machine and Parts,SORMZ Machine/Parts,HK 1210 needle bearing,,,,,,,piece,box,1
